,Date,Revenue,Sales,GRP (OOH),PPC Spend,Display Spend,email Spend,total,Visitors,Visits,Page Views
0,2008-01-01,1000,10,118500.0,1890.0,1491,1275.0,123156.0,1100599,1430780,1650898
1,2008-01-02,875,11,82500.0,2273.0,1272,720.0,86765.0,1196844,1555899,1795268
2,2008-01-03,800,9,159000.0,1710.0,1426,660.0,162796.0,983286,1278272,1474928
3,2008-01-04,800,11,153000.0,1980.0,1410,750.0,157140.0,1221271,1587654,1831909
4,2008-01-05,1800,13,123000.0,2160.0,1166,555.0,126881.0,1431153,1860499,2146730
5,2008-01-06,1275,11,138000.0,1733.0,1085,713.0,141531.0,1200314,1560409,1800473
6,2008-01-07,1050,12,124500.0,1935.0,1283,660.0,128378.0,1311519,1704975,1967279
7,2008-01-08,2550,20,148500.0,3825.0,1219,728.0,154272.0,2172624,2824404,3258932
8,2008-01-09,1700,12,135000.0,2160.0,1268,773.0,139201.0,1310882,1704148,1966323
9,2008-01-10,900,12,133500.0,1980.0,1321,480.0,137281.0,1325506,1723158,1988260
10,2008-01-11,1500,13,123000.0,2250.0,1449,735.0,127434.0,1431081,1860402,2146616
11,2008-01-12,950,9,108000.0,1665.0,1434,623.0,111722.0,979953,1273939,1469929
12,2008-01-13,1425,12,138000.0,2138.0,1246,713.0,142097.0,1320063,1716080,1980094
13,2008-01-14,1500,11,171000.0,1980.0,1334,713.0,175027.0,1203803,1564943,1805704
14,2008-01-15,1375,13,118500.0,2183.0,1018,615.0,122316.0,1409368,1832177,2114053
15,2008-01-16,925,13,103500.0,2318.0,1020,540.0,107378.0,1420563,1846734,2130846
16,2008-01-17,900,8,111000.0,1440.0,1219,675.0,114334.0,869120,1129856,1303680
17,2008-01-18,950,13,129000.0,2205.0,1118,690.0,133013.0,1432677,1862481,2149018
18,2008-01-19,1625,12,153000.0,1868.0,1422,623.0,156913.0,1334394,1734710,2001591
19,2008-01-20,1325,11,121500.0,2138.0,1095,758.0,125491.0,1208101,1570530,1812149
20,2008-01-21,1525,13,129000.0,2138.0,1018,788.0,132944.0,1414045,1838255,2121064
21,2008-01-22,1150,10,111000.0,1845.0,1437,698.0,114980.0,1092057,1419673,1638083
22,2008-01-23,1100,9,142500.0,1620.0,1037,638.0,145795.0,980926,1275203,1471387
23,2008-01-24,1450,12,115500.0,2025.0,1498,765.0,119788.0,1305519,1697174,1958279
24,2008-01-25,1300,12,148500.0,2070.0,1022,593.0,152185.0,1314812,1709257,1972220
25,2008-01-26,1425,10,132000.0,1868.0,1252,413.0,135533.0,1086925,1413001,1630388
26,2008-01-27,975,12,139500.0,2273.0,1491,795.0,144059.0,1322941,1719825,1984411
27,2008-01-28,1575,14,148500.0,2363.0,1151,765.0,152779.0,1517369,1972583,2276054
28,2008-01-29,1575,12,109500.0,2093.0,1370,615.0,113578.0,1298300,1687788,1947448
29,2008-01-30,1575,13,87000.0,1913.0,1317,690.0,90920.0,1422015,1848617,2133021
30,2008-01-31,2150,14,103500.0,2295.0,1352,623.0,107770.0,1516289,1971172,2274430
31,2008-02-01,1025,10,84000.0,1778.0,1041,743.0,87562.0,1084640,1410033,1626962
32,2008-02-02,1125,7,108000.0,1238.0,1110,675.0,111023.0,754960,981448,1132440
33,2008-02-03,1850,14,114000.0,2385.0,1064,668.0,118117.0,1531875,1991437,2297812
34,2008-02-04,1350,13,165000.0,2295.0,1064,615.0,168974.0,1423023,1849932,2134537
35,2008-02-05,1250,11,156000.0,1845.0,1140,540.0,159525.0,1195594,1554274,1793393
36,2008-02-06,1400,13,127500.0,2070.0,1304,690.0,131564.0,1412677,1836481,2119018
37,2008-02-07,1625,12,123000.0,1868.0,1035,855.0,126758.0,1316514,1711464,1974768
38,2008-02-08,1825,12,117000.0,2228.0,1307,593.0,121128.0,1323008,1719914,1984515
39,2008-02-09,1450,12,145500.0,2025.0,1270,518.0,149313.0,1298353,1687859,1947531
40,2008-02-10,1275,13,142500.0,2003.0,1372,555.0,146430.0,1410802,1834042,2116203
41,2008-02-11,1250,11,114000.0,1845.0,1310,645.0,117800.0,1190295,1547383,1785445
42,2008-02-12,1100,9,103500.0,1620.0,1228,765.0,107113.0,981891,1276457,1472836
43,2008-02-13,1300,12,160500.0,2070.0,1249,608.0,164427.0,1304746,1696170,1957122
44,2008-02-14,1250,14,148500.0,2565.0,1178,645.0,152888.0,1525827,1983570,2288735
45,2008-02-15,1025,10,142500.0,1778.0,1453,555.0,146286.0,1088650,1415246,1632975
46,2008-02-16,1075,10,154500.0,1553.0,1290,713.0,158056.0,1089914,1416891,1634875
47,2008-02-17,950,9,129000.0,1665.0,1278,578.0,132521.0,982370,1277083,1473556
48,2008-02-18,950,11,129000.0,1935.0,1357,743.0,133035.0,1204018,1565221,1806025
49,2008-02-19,1350,13,175500.0,2295.0,1147,660.0,179602.0,1420847,1847102,2131271
50,2008-02-20,775,9,151500.0,1823.0,1433,698.0,155454.0,984799,1280238,1477198
51,2008-02-21,950,11,130500.0,1935.0,1261,743.0,134439.0,1194566,1552933,1791850
52,2008-02-22,1150,11,129000.0,1665.0,1302,548.0,132515.0,1202685,1563492,1804028
53,2008-02-23,1525,13,144000.0,2138.0,1149,435.0,147722.0,1420385,1846498,2130578
54,2008-02-24,1275,11,124500.0,1733.0,1421,518.0,128172.0,1196382,1555296,1794571
55,2008-02-25,1125,12,112500.0,2228.0,1138,420.0,116286.0,1310746,1703970,1966119
56,2008-02-26,1600,12,141000.0,1980.0,1141,540.0,144661.0,1319172,1714923,1978757
57,2008-02-27,1775,14,171000.0,2093.0,1121,570.0,174784.0,1533175,1993127,2299765
58,2008-02-28,1025,11,168000.0,2228.0,1224,825.0,172277.0,1200549,1560717,1800825
59,2008-02-29,775,10,142500.0,1643.0,1408,780.0,146331.0,1092029,1419637,1638042
60,2008-03-01,650,8,35500.0,1305.0,1308,638.0,38751.0,861922,1120499,1292883
61,2008-03-02,975,9,17500.0,1553.0,1295,615.0,20963.0,962548,1251312,1443823
62,2008-03-03,800,8,31500.0,1260.0,1275,585.0,34620.0,861817,1120362,1292726
63,2008-03-04,1100,9,15250.0,1620.0,1118,728.0,18716.0,969782,1260717,1454674
64,2008-03-05,900,10,30250.0,1710.0,1119,713.0,33792.0,1058899,1376569,1588350
65,2008-03-06,1450,13,19750.0,2475.0,1237,570.0,24032.0,1367152,1777299,2050730
66,2008-03-07,1100,12,52000.0,2340.0,1260,518.0,56118.0,1272481,1654227,1908724
67,2008-03-08,1375,11,69000.0,1913.0,1078,803.0,72794.0,1165270,1514850,1747904
68,2008-03-09,1250,11,31000.0,1845.0,1440,743.0,35028.0,1177508,1530761,1766263
69,2008-03-10,850,11,31500.0,1755.0,1458,713.0,35426.0,1161388,1509806,1742085
70,2008-03-11,1275,12,69250.0,2183.0,1360,773.0,73566.0,1283184,1668140,1924780
71,2008-03-12,1425,12,75000.0,2138.0,1206,645.0,78989.0,1286023,1671831,1929034
72,2008-03-13,1100,12,33750.0,1710.0,1180,645.0,37285.0,1266563,1646532,1899847
73,2008-03-14,975,9,46250.0,1553.0,1395,878.0,50076.0,946887,1230954,1420332
74,2008-03-15,1225,12,38500.0,2408.0,1258,758.0,42924.0,1281486,1665930,1922229
75,2008-03-16,1125,12,34000.0,2228.0,1419,653.0,38300.0,1277884,1661249,1916827
76,2008-03-17,1525,13,45500.0,2138.0,1446,645.0,49729.0,1391137,1808479,2086706
77,2008-03-18,1525,12,45750.0,2318.0,1449,720.0,50237.0,1270915,1652190,1906372
78,2008-03-19,850,10,44750.0,1935.0,1126,623.0,48434.0,1068953,1389640,1603430
79,2008-03-20,1650,11,46750.0,1935.0,1407,563.0,50655.0,1173178,1525130,1759766
80,2008-03-21,1375,14,96500.0,2633.0,1167,705.0,101005.0,1490545,1937707,2235817
81,2008-03-22,1775,13,62750.0,2273.0,1049,855.0,66927.0,1384759,1800187,2077139
82,2008-03-23,1225,11,79500.0,1958.0,1157,840.0,83455.0,1177219,1530383,1765827
83,2008-03-24,950,11,60750.0,1935.0,1095,713.0,64493.0,1179656,1533549,1769478
84,2008-03-25,1000,12,70500.0,2160.0,1285,178.0,74123.0,1272615,1654397,1908921
85,2008-03-26,1625,12,49250.0,1868.0,1078,88.0,52284.0,1274676,1657078,1912014
86,2008-03-27,1325,10,84750.0,1688.0,1036,158.0,87632.0,1056389,1373306,1584583
87,2008-03-28,1050,11,59750.0,2115.0,1039,76.0,62980.0,1163887,1513053,1745832
88,2008-03-29,1150,13,43250.0,2565.0,1173,151.0,47139.0,1378373,1791886,2067560
89,2008-03-30,1300,13,47250.0,2520.0,1393,99.0,51262.0,1379916,1793889,2069873
90,2008-03-31,1425,12,69500.0,2138.0,1350,260.0,73248.0,1271432,1652864,1907152
91,2008-04-01,435,10,34500.0,533.0,1428,345.0,36806.0,1048398,1362918,1572597
92,2008-04-02,445,7,65000.0,263.0,1435,155.0,66853.0,736718,957735,1105078
93,2008-04-03,435,9,58750.0,473.0,1498,158.0,60879.0,939668,1221570,1409503
94,2008-04-04,535,11,43500.0,229.0,1327,346.0,45402.0,1156291,1503178,1734435
95,2008-04-05,315,7,55250.0,454.0,1165,375.0,57244.0,732132,951771,1098197
96,2008-04-06,265,8,59500.0,296.0,1268,169.0,61233.0,843629,1096718,1265443
97,2008-04-07,320,9,43250.0,780.0,1373,231.0,45634.0,945991,1229789,1418986
98,2008-04-08,910,12,39500.0,1035.0,1066,193.0,41794.0,1262805,1641644,1894208
99,2008-04-09,565,9,71250.0,465.0,1269,170.0,73154.0,951967,1237559,1427954
100,2008-04-10,575,11,39000.0,473.0,1123,228.0,40824.0,1152034,1497644,1728052
101,2008-04-11,1030,13,105750.0,1039.0,1338,229.0,108356.0,1365441,1775076,2048162
102,2008-04-12,890,12,43500.0,1125.0,1307,224.0,46156.0,1259918,1637892,1889878
103,2008-04-13,430,10,38750.0,506.0,1409,234.0,40899.0,1065336,1384936,1598003
104,2008-04-14,640,10,28000.0,694.0,1267,483.0,30444.0,1061611,1380095,1592416
105,2008-04-15,450,9,75750.0,578.0,1291,314.0,77933.0,955892,1242657,1433835
106,2008-04-16,465,8,42000.0,510.0,1045,398.0,43953.0,846806,1100847,1270207
107,2008-04-17,570,9,50500.0,683.0,1492,304.0,52979.0,953146,1239091,1429720
108,2008-04-18,425,9,46000.0,686.0,1441,353.0,48480.0,939915,1221887,1409870
109,2008-04-19,665,11,53500.0,671.0,1062,246.0,55479.0,1154422,1500748,1731633
110,2008-04-20,650,12,36000.0,701.0,1183,424.0,38308.0,1266607,1646589,1899912
111,2008-04-21,645,14,43750.0,1448.0,1225,299.0,46722.0,1466773,1906805,2200161
112,2008-04-22,625,14,58000.0,941.0,1211,216.0,60368.0,1456837,1893887,2185255
113,2008-04-23,1135,14,42750.0,1193.0,1053,236.0,45232.0,1457308,1894504,2185965
114,2008-04-24,910,14,91000.0,911.0,1016,348.0,93275.0,1464377,1903690,2196565
115,2008-04-25,685,14,49750.0,1058.0,1322,173.0,52303.0,1454102,1890336,2181155
116,2008-04-26,715,13,51500.0,739.0,1288,325.0,53852.0,1375080,1787605,2062621
117,2008-04-27,780,14,76750.0,1271.0,1361,294.0,79676.0,1444482,1877827,2166725
118,2008-04-28,595,12,27500.0,896.0,1114,218.0,29728.0,1260151,1638200,1890228
119,2008-04-29,935,14,43500.0,649.0,1095,276.0,45520.0,1459960,1897946,2189939
120,2008-04-30,820,14,43500.0,709.0,1271,298.0,45778.0,1468761,1909392,2203143
121,2008-05-01,835,11,59750.0,1043.0,1356,216.0,62365.0,1132831,1472680,1699248
122,2008-05-02,860,11,60000.0,518.0,1052,198.0,61768.0,1124855,1462312,1687283
123,2008-05-03,835,11,43000.0,975.0,1369,356.0,45700.0,1128572,1467145,1692859
124,2008-05-04,660,10,33750.0,881.0,1386,195.0,36212.0,1019028,1324739,1528544
125,2008-05-05,455,11,32250.0,653.0,1289,529.0,34721.0,1138075,1479498,1707112
126,2008-05-06,825,11,47750.0,829.0,1394,218.0,50191.0,1131407,1470829,1697110
127,2008-05-07,655,11,58750.0,893.0,1167,194.0,61004.0,1133068,1472988,1699602
128,2008-05-08,525,13,35500.0,649.0,1441,140.0,37730.0,1333584,1733663,2000382
129,2008-05-09,500,8,67250.0,593.0,1447,379.0,69669.0,816698,1061709,1225049
130,2008-05-10,740,12,44500.0,1069.0,1369,210.0,47148.0,1240353,1612457,1860528
131,2008-05-11,600,11,57000.0,585.0,1017,253.0,58855.0,1135191,1475747,1702786
132,2008-05-12,805,13,69250.0,1586.0,1254,230.0,72320.0,1344458,1747796,2016688
133,2008-05-13,775,11,69750.0,653.0,1063,268.0,71734.0,1132223,1471889,1698333
134,2008-05-14,840,11,65250.0,581.0,1047,180.0,67058.0,1129793,1468729,1694686
135,2008-05-15,360,7,60250.0,420.0,1485,219.0,62374.0,728319,946816,1092479
136,2008-05-16,840,13,17000.0,1136.0,1127,290.0,19553.0,1335038,1735551,2002558
137,2008-05-17,445,12,37750.0,630.0,1231,214.0,39825.0,1232195,1601854,1848295
138,2008-05-18,960,10,17500.0,758.0,1380,455.0,20093.0,1029336,1338138,1544004
139,2008-05-19,800,11,22250.0,690.0,1027,249.0,24216.0,1135426,1476051,1703137
140,2008-05-20,735,11,94500.0,803.0,1189,258.0,96750.0,1131858,1471415,1697787
141,2008-05-21,660,10,56500.0,540.0,1203,384.0,58627.0,1029648,1338541,1544470
142,2008-05-22,830,8,56750.0,656.0,1266,138.0,58810.0,825131,1072669,1237697
143,2008-05-23,605,10,74250.0,870.0,1490,218.0,76828.0,1027290,1335477,1540937
144,2008-05-24,830,10,50000.0,641.0,1184,218.0,52043.0,1023381,1330395,1535071
145,2008-05-25,1075,11,43750.0,1365.0,1355,299.0,46769.0,1130678,1469883,1696018
146,2008-05-26,505,11,84000.0,746.0,1151,300.0,86197.0,1130442,1469575,1695661
147,2008-05-27,490,11,59750.0,773.0,1411,215.0,62149.0,1125633,1463324,1688450
148,2008-05-28,745,12,46000.0,1151.0,1020,169.0,48340.0,1223112,1590044,1834666
149,2008-05-29,500,11,82000.0,413.0,1377,161.0,83951.0,1136646,1477640,1704968
150,2008-05-30,525,12,66000.0,653.0,1289,239.0,68181.0,1239517,1611370,1859272
151,2008-05-31,595,10,10750.0,653.0,1352,294.0,13049.0,1046803,1360845,1570207
152,2008-06-01,780,13,7500.0,896.0,1476,178.0,10050.0,1314472,1708812,1971708
153,2008-06-02,925,12,7250.0,900.0,1261,336.0,9747.0,1242810,1615654,1864214
154,2008-06-03,645,10,7500.0,645.0,1314,223.0,9682.0,1032786,1342624,1549178
155,2008-06-04,575,9,7750.0,506.0,1426,285.0,9967.0,934625,1215013,1401938
156,2008-06-05,525,12,6500.0,484.0,1249,346.0,8579.0,1227919,1596293,1841876
157,2008-06-06,470,11,8250.0,716.0,1127,349.0,10442.0,1123330,1460329,1684995
158,2008-06-07,800,10,7250.0,881.0,1084,326.0,9541.0,1040243,1352314,1560365
159,2008-06-08,460,11,8750.0,533.0,1065,301.0,10649.0,1138825,1480472,1708237
160,2008-06-09,710,13,7500.0,1009.0,1028,85.0,9622.0,1331053,1730370,1996581
161,2008-06-10,780,11,6250.0,668.0,1461,189.0,8568.0,1128198,1466655,1692294
162,2008-06-11,625,13,8000.0,855.0,1353,88.0,10296.0,1347871,1752230,2021806
163,2008-06-12,460,11,9500.0,1039.0,1370,111.0,12020.0,1112894,1446761,1669339
164,2008-06-13,825,11,8750.0,1046.0,1262,473.0,11531.0,1135948,1476734,1703922
165,2008-06-14,645,11,8250.0,979.0,1445,283.0,10957.0,1126845,1464901,1690271
166,2008-06-15,815,13,7500.0,904.0,1384,284.0,10072.0,1335443,1736078,2003169
167,2008-06-16,380,9,6000.0,255.0,1246,371.0,7872.0,921026,1197332,1381538
168,2008-06-17,630,10,8750.0,566.0,1295,250.0,10861.0,1020580,1326754,1530874
169,2008-06-18,300,8,10500.0,263.0,1371,219.0,12353.0,829431,1078260,1244148
170,2008-06-19,410,9,7500.0,334.0,1008,420.0,9262.0,936580,1217555,1404870
171,2008-06-20,885,12,7000.0,1418.0,1184,299.0,9901.0,1237689,1608996,1856532
172,2008-06-21,905,12,9250.0,848.0,1477,230.0,11805.0,1218778,1584410,1828165
173,2008-06-22,610,13,7000.0,851.0,1143,410.0,9404.0,1347222,1751388,2020832
174,2008-06-23,950,12,8500.0,1114.0,1477,330.0,11421.0,1232564,1602335,1848848
175,2008-06-24,485,11,9500.0,750.0,1174,54.0,11478.0,1134040,1474251,1701057
176,2008-06-25,630,10,8500.0,656.0,1178,38.0,10372.0,1035796,1346537,1553697
177,2008-06-26,740,9,11250.0,1260.0,1226,36.0,13772.0,925472,1203115,1388209
178,2008-06-27,860,13,6000.0,896.0,1351,38.0,8285.0,1332803,1732645,1999206
179,2008-06-28,385,9,9500.0,690.0,1025,39.0,11254.0,916437,1191367,1374653
180,2008-06-29,780,13,10750.0,1230.0,1059,33.0,13072.0,1336333,1737232,2004496
181,2008-06-30,935,10,9750.0,990.0,1102,41.0,11883.0,1033816,1343958,1550722
182,2008-07-01,775,13,8000.0,161.0,1197,36.0,9394.0,1336651,1737648,2004978
183,2008-07-02,600,10,10000.0,113.0,1317,44.0,11474.0,1033795,1343934,1550692
184,2008-07-03,575,10,10250.0,109.0,1357,38.0,11754.0,1035290,1345877,1552935
185,2008-07-04,500,9,9750.0,113.0,1500,31.0,11394.0,934572,1214942,1401855
186,2008-07-05,575,10,9000.0,116.0,1230,40.0,10386.0,1011535,1314994,1517303
187,2008-07-06,550,9,10000.0,98.0,1368,48.0,11514.0,925963,1203751,1388945
188,2008-07-07,625,11,8500.0,124.0,1019,44.0,9687.0,1133640,1473733,1700462
189,2008-07-08,525,9,7000.0,109.0,1296,41.0,8446.0,928388,1206905,1392582
190,2008-07-09,825,12,6000.0,131.0,1118,38.0,7287.0,1241870,1614432,1862805
191,2008-07-10,600,10,5750.0,113.0,1202,30.0,7095.0,1024703,1332115,1537056
192,2008-07-11,475,8,6500.0,94.0,1391,44.0,8029.0,824049,1071262,1236073
193,2008-07-12,650,11,8500.0,120.0,1272,53.0,9945.0,1137488,1478734,1706232
194,2008-07-13,750,12,9500.0,143.0,1193,38.0,10874.0,1227687,1595992,1841530
195,2008-07-14,625,11,8500.0,131.0,1500,35.0,10166.0,1132397,1472115,1698597
196,2008-07-15,625,11,6500.0,124.0,1395,46.0,8065.0,1134116,1474350,1701173
197,2008-07-16,550,9,8000.0,113.0,1465,35.0,9613.0,932277,1211959,1398414
198,2008-07-17,450,8,10500.0,90.0,1061,43.0,11694.0,818887,1064553,1228330
199,2008-07-18,725,12,9250.0,131.0,1438,48.0,10867.0,1232085,1601710,1848124
200,2008-07-19,750,13,8250.0,158.0,1262,43.0,9713.0,1337505,1738754,2006257
201,2008-07-20,550,10,9250.0,113.0,1424,56.0,10843.0,1040321,1352418,1560483
202,2008-07-21,650,11,6500.0,105.0,1354,30.0,7989.0,1137875,1479239,1706811
203,2008-07-22,775,13,7750.0,139.0,1068,48.0,9005.0,1345067,1748586,2017602
204,2008-07-23,600,10,6500.0,105.0,1217,54.0,7876.0,1018965,1324657,1528451
205,2008-07-24,700,11,10000.0,128.0,1459,49.0,11636.0,1128838,1467492,1693258
206,2008-07-25,700,11,7250.0,143.0,1096,40.0,8529.0,1116443,1451375,1674666
207,2008-07-26,750,12,8000.0,128.0,1045,50.0,9223.0,1225759,1593489,1838639
208,2008-07-27,775,14,9250.0,169.0,1324,51.0,10794.0,1427006,1855105,2140509
209,2008-07-28,400,8,9250.0,90.0,1121,49.0,10510.0,827463,1075702,1241193
210,2008-07-29,800,13,7250.0,143.0,1073,45.0,8511.0,1322292,1718980,1983438
211,2008-07-30,925,14,8500.0,161.0,1482,50.0,10193.0,1443032,1875939,2164547
212,2008-07-31,825,13,4250.0,146.0,1053,43.0,5492.0,1332750,1732575,1999123
213,2008-08-01,600,11,9000.0,120.0,1176,35.0,10331.0,1132207,1471867,1698309
214,2008-08-02,800,13,8250.0,150.0,1336,30.0,9766.0,1308060,1700479,1962091
215,2008-08-03,725,13,8500.0,154.0,1465,29.0,10148.0,1334381,1734695,2001568
216,2008-08-04,775,13,7500.0,146.0,1079,33.0,8758.0,1315813,1710558,1973719
217,2008-08-05,700,12,8000.0,135.0,1364,43.0,9542.0,1225964,1593753,1838945
218,2008-08-06,750,13,6750.0,150.0,1160,48.0,8108.0,1322986,1719884,1984479
219,2008-08-07,650,11,12000.0,128.0,1414,43.0,13585.0,1108449,1440985,1662672
220,2008-08-08,550,10,8250.0,105.0,1275,33.0,9663.0,1030743,1339965,1546114
221,2008-08-09,400,7,9500.0,90.0,1297,40.0,10927.0,719300,935090,1078952
222,2008-08-10,525,8,8000.0,86.0,1224,53.0,9363.0,823645,1070740,1235469
223,2008-08-11,500,9,8250.0,98.0,1096,46.0,9490.0,931556,1211023,1397334
224,2008-08-12,650,11,9750.0,128.0,1453,41.0,11372.0,1125728,1463446,1688591
225,2008-08-13,500,10,9500.0,143.0,1058,46.0,10747.0,1032928,1342806,1549394
226,2008-08-14,700,12,8000.0,128.0,1415,33.0,9576.0,1232023,1601631,1848035
227,2008-08-15,550,9,9250.0,98.0,1275,39.0,10662.0,924852,1202307,1387277
228,2008-08-16,600,10,9000.0,120.0,1415,33.0,10568.0,1029893,1338861,1544838
229,2008-08-17,800,13,6750.0,158.0,1359,50.0,8317.0,1334621,1735011,2001934
230,2008-08-18,675,12,7250.0,139.0,1151,36.0,8576.0,1218766,1584397,1828151
231,2008-08-19,675,12,9250.0,124.0,1205,40.0,10619.0,1226231,1594102,1839349
232,2008-08-20,675,12,5750.0,139.0,1010,46.0,6945.0,1222101,1588733,1833154
233,2008-08-21,550,9,9750.0,98.0,1368,46.0,11262.0,920516,1196670,1380774
234,2008-08-22,575,11,5750.0,116.0,1371,36.0,7273.0,1133563,1473635,1700347
235,2008-08-23,400,8,7500.0,98.0,1228,43.0,8869.0,820649,1066843,1230973
236,2008-08-24,800,13,5750.0,150.0,1194,21.0,7115.0,1336850,1737903,2005271
237,2008-08-25,675,11,8500.0,109.0,1143,45.0,9797.0,1129313,1468108,1693969
238,2008-08-26,550,10,8000.0,120.0,1237,41.0,9398.0,1025888,1333654,1538834
239,2008-08-27,675,12,9500.0,139.0,1105,43.0,10787.0,1224905,1592377,1837360
240,2008-08-28,775,13,6750.0,139.0,1149,38.0,8076.0,1330774,1730005,1996161
241,2008-08-29,525,10,8750.0,109.0,1431,40.0,10330.0,1029746,1338670,1544617
242,2008-08-30,750,12,4250.0,128.0,1307,34.0,5719.0,1239648,1611544,1859470
243,2008-08-31,325,6,106500.0,64.0,1418,60.0,108042.0,608523,791082,912787
244,2008-09-01,700,12,92000.0,135.0,1254,41.0,93430.0,1233846,1604000,1850770
245,2008-09-02,625,11,98000.0,124.0,1337,48.0,99509.0,1123379,1460394,1685071
246,2008-09-03,700,11,136000.0,128.0,1311,40.0,137479.0,1136313,1477208,1704471
247,2008-09-04,600,11,89000.0,113.0,1191,41.0,90345.0,1143458,1486494,1715183
248,2008-09-05,550,9,94500.0,120.0,1336,49.0,96005.0,925250,1202826,1387877
249,2008-09-06,525,9,91000.0,101.0,1374,48.0,92523.0,923478,1200522,1385217
250,2008-09-07,850,14,97000.0,180.0,1464,40.0,98684.0,1433980,1864173,2150970
251,2008-09-08,625,12,102500.0,124.0,1020,46.0,103690.0,1234387,1604703,1851581
252,2008-09-09,750,13,104000.0,143.0,1066,45.0,105254.0,1353692,1759801,2030538
253,2008-09-10,650,12,97500.0,120.0,1284,34.0,98938.0,1226832,1594880,1840247
254,2008-09-11,575,10,79000.0,124.0,1177,36.0,80337.0,1037504,1348754,1556254
255,2008-09-12,725,13,74500.0,146.0,1284,46.0,75976.0,1335449,1736081,2003170
256,2008-09-13,700,12,138500.0,143.0,1269,29.0,139941.0,1249106,1623838,1873660
257,2008-09-14,700,11,79000.0,120.0,1304,49.0,80473.0,1143920,1487094,1715878
258,2008-09-15,625,12,110000.0,139.0,1275,29.0,111443.0,1234587,1604966,1851883
259,2008-09-16,600,11,141000.0,135.0,1072,38.0,142245.0,1135000,1475502,1702501
260,2008-09-17,475,9,86000.0,101.0,1467,29.0,87597.0,932792,1212629,1399189
261,2008-09-18,675,12,82000.0,109.0,1258,43.0,83410.0,1236558,1607525,1854837
262,2008-09-19,625,11,82000.0,139.0,1148,40.0,83327.0,1125376,1462988,1688064
263,2008-09-20,425,8,67500.0,86.0,1076,48.0,68710.0,838987,1090681,1258479
264,2008-09-21,725,13,75000.0,146.0,1109,34.0,76289.0,1322267,1718947,1983400
265,2008-09-22,375,7,119000.0,86.0,1196,44.0,120326.0,706237,918109,1059356
266,2008-09-23,650,11,126000.0,113.0,1470,21.0,127604.0,1134901,1475371,1702351
267,2008-09-24,425,8,100000.0,86.0,1416,533.0,102035.0,820292,1066377,1230437
268,2008-09-25,550,10,85500.0,128.0,1174,460.0,87262.0,1020799,1327038,1531197
269,2008-09-26,550,10,78500.0,120.0,1098,490.0,80208.0,1051413,1366838,1577121
270,2008-09-27,700,12,82500.0,143.0,1305,680.0,84628.0,1234430,1604760,1851647
271,2008-09-28,675,11,44500.0,101.0,1122,445.0,46168.0,1134966,1475457,1702451
272,2008-09-29,675,11,80500.0,131.0,1235,473.0,82339.0,1123105,1460035,1684656
273,2008-09-30,325,6,100000.0,64.0,1360,455.0,101879.0,610949,794235,916424
274,2008-10-01,1105,13,75500.0,1598.0,1419,485.0,79002.0,1387058,1803175,2080587
275,2008-10-02,880,12,110500.0,1380.0,1037,513.0,113430.0,1275185,1657741,1912777
276,2008-10-03,940,12,106500.0,1470.0,1067,520.0,109557.0,1280335,1664435,1920505
277,2008-10-04,920,12,73500.0,2040.0,1024,488.0,77052.0,1290658,1677854,1935985
278,2008-10-05,850,12,94500.0,1335.0,1472,395.0,97702.0,1294220,1682488,1941333
279,2008-10-06,625,8,88000.0,1418.0,1329,373.0,91120.0,858011,1115415,1287018
280,2008-10-07,1230,12,86500.0,1365.0,1371,693.0,89929.0,1300947,1691231,1951418
281,2008-10-08,1010,12,62500.0,1455.0,1421,395.0,65771.0,1294062,1682280,1941092
282,2008-10-09,1165,13,91500.0,1538.0,1371,550.0,94959.0,1391564,1809032,2087343
283,2008-10-10,900,13,112000.0,1560.0,1324,705.0,115589.0,1391826,1809374,2087740
284,2008-10-11,835,12,114500.0,1463.0,1450,430.0,117843.0,1294009,1682212,1941012
285,2008-10-12,570,10,103000.0,1185.0,1223,410.0,105818.0,1081789,1406328,1622685
286,2008-10-13,885,10,51000.0,1118.0,1037,410.0,53565.0,1058779,1376413,1588168
287,2008-10-14,1205,12,114500.0,2078.0,1048,338.0,117964.0,1296340,1685241,1944508
288,2008-10-15,490,8,94000.0,1185.0,1165,375.0,96725.0,864601,1123980,1296898
289,2008-10-16,1580,12,56000.0,1650.0,1046,595.0,59291.0,1297269,1686450,1945904
290,2008-10-17,1150,14,111000.0,2115.0,1081,630.0,114826.0,1485204,1930766,2227803
291,2008-10-18,560,12,108000.0,1290.0,1340,500.0,111130.0,1290444,1677574,1935662
292,2008-10-19,1040,11,104500.0,1230.0,1186,428.0,107344.0,1186109,1541941,1779163
293,2008-10-20,700,10,87500.0,1230.0,1155,393.0,90278.0,1063846,1383000,1595767
294,2008-10-21,475,9,116500.0,1013.0,1258,413.0,119184.0,968145,1258590,1452218
295,2008-10-22,730,11,109000.0,1125.0,1271,223.0,111619.0,1171242,1522615,1756864
296,2008-10-23,1210,12,86500.0,1785.0,1485,403.0,90173.0,1291700,1679211,1937551
297,2008-10-24,1180,11,87000.0,1890.0,1248,500.0,90638.0,1182502,1537254,1773752
298,2008-10-25,1120,10,68500.0,1500.0,1134,378.0,71512.0,1068965,1389657,1603448
299,2008-10-26,815,10,72000.0,1283.0,1192,553.0,75028.0,1068502,1389052,1602752
300,2008-10-27,845,11,79000.0,1178.0,1248,533.0,81959.0,1177535,1530794,1766301
301,2008-10-28,625,11,110000.0,1238.0,1316,368.0,112922.0,1184585,1539961,1776878
302,2008-10-29,345,9,63000.0,668.0,1074,473.0,65215.0,968301,1258792,1452454
303,2008-10-30,945,12,92500.0,1208.0,1426,440.0,95574.0,1280383,1664499,1920576
304,2008-10-31,960,13,62500.0,1500.0,1266,433.0,65699.0,1401909,1822483,2102866
305,2008-11-01,635,9,65000.0,1133.0,1478,313.0,67924.0,959037,1246748,1438556
306,2008-11-02,1045,13,92500.0,1658.0,1191,458.0,95807.0,1385611,1801294,2078415
307,2008-11-03,745,14,84000.0,1598.0,1017,560.0,87175.0,1488199,1934659,2232298
308,2008-11-04,715,12,59500.0,1103.0,1275,573.0,62451.0,1294606,1682987,1941907
309,2008-11-05,985,12,52000.0,1418.0,1403,515.0,55336.0,1276407,1659331,1914612
310,2008-11-06,840,12,95000.0,1320.0,1155,255.0,97730.0,1289942,1676927,1934917
311,2008-11-07,825,12,91000.0,1298.0,1155,573.0,94026.0,1287236,1673407,1930854
312,2008-11-08,425,10,78000.0,938.0,1338,470.0,80746.0,1073030,1394937,1609542
313,2008-11-09,875,11,64500.0,1373.0,1052,280.0,67205.0,1173731,1525850,1760599
314,2008-11-10,1320,11,65500.0,1680.0,1306,555.0,69041.0,1175475,1528117,1763213
315,2008-11-11,1165,12,64000.0,1718.0,1352,540.0,67610.0,1275376,1657989,1913065
316,2008-11-12,1070,13,109500.0,1545.0,1175,523.0,112743.0,1393669,1811773,2090508
317,2008-11-13,670,10,98000.0,765.0,1342,438.0,100545.0,1082119,1406756,1623180
318,2008-11-14,905,11,56500.0,1718.0,1378,583.0,60179.0,1172537,1524295,1758805
319,2008-11-15,720,12,75500.0,1410.0,1326,545.0,78781.0,1286656,1672655,1929987
320,2008-11-16,720,9,84000.0,840.0,1094,433.0,86367.0,955433,1242062,1433147
321,2008-11-17,1050,12,71000.0,1665.0,1000,435.0,74100.0,1288732,1675351,1933097
322,2008-11-18,760,13,78000.0,1620.0,1195,343.0,81158.0,1384987,1800486,2077481
323,2008-11-19,1345,11,60500.0,1568.0,1209,360.0,63637.0,1181343,1535744,1772014
324,2008-11-20,735,9,81000.0,1313.0,1419,395.0,84127.0,973355,1265361,1460031
325,2008-11-21,1105,13,104500.0,1748.0,1082,550.0,107880.0,1380914,1795190,2071373
326,2008-11-22,930,11,100500.0,1635.0,1437,315.0,103887.0,1170269,1521348,1755404
327,2008-11-23,1185,11,78500.0,1298.0,1486,463.0,81747.0,1178261,1531738,1767391
328,2008-11-24,650,10,159000.0,1305.0,1005,313.0,161623.0,1068360,1388867,1602540
329,2008-11-25,845,12,122500.0,1028.0,1455,325.0,125308.0,1287770,1674099,1931654
330,2008-11-26,520,12,116000.0,1080.0,1121,463.0,118664.0,1291470,1678910,1937204
331,2008-11-27,750,9,115000.0,1185.0,1114,420.0,117719.0,946934,1231015,1420401
332,2008-11-28,1240,14,98500.0,1650.0,1176,298.0,101624.0,1486667,1932668,2229998
333,2008-11-29,610,10,106000.0,945.0,1031,260.0,108236.0,1057325,1374523,1585988
334,2008-11-30,1045,9,100000.0,1388.0,1484,475.0,103347.0,963454,1252491,1445182
335,2008-12-01,425,8,126000.0,938.0,1095,455.0,128488.0,855169,1111716,1282750
336,2008-12-02,630,8,106500.0,975.0,1103,390.0,108968.0,864365,1123676,1296549
337,2008-12-03,1225,10,127500.0,1388.0,1135,323.0,130346.0,1061255,1379632,1591883
338,2008-12-04,800,11,139500.0,1260.0,1173,328.0,142261.0,1174076,1526300,1761113
339,2008-12-05,655,8,147000.0,893.0,1055,320.0,149268.0,849141,1103884,1273712
340,2008-12-06,500,7,114000.0,780.0,1075,548.0,116403.0,741053,963368,1111577
341,2008-12-07,1070,11,135000.0,1425.0,1347,490.0,138262.0,1165999,1515800,1749001
342,2008-12-08,950,10,96000.0,1365.0,1495,283.0,99143.0,1059332,1377130,1588998
343,2008-12-09,840,12,130500.0,1170.0,1489,378.0,133537.0,1273791,1655926,1910685
344,2008-12-10,705,9,154500.0,968.0,1442,420.0,157330.0,963150,1252094,1444723
345,2008-12-11,535,8,154500.0,983.0,1386,355.0,157224.0,856285,1113170,1284428
346,2008-12-12,800,9,90000.0,960.0,1249,390.0,92599.0,960690,1248897,1441034
347,2008-12-13,855,10,147000.0,1643.0,1267,303.0,150213.0,1062436,1381166,1593655
348,2008-12-14,920,11,153000.0,1470.0,1018,405.0,155893.0,1175347,1527953,1763023
349,2008-12-15,545,7,144000.0,848.0,1107,523.0,146478.0,739259,961035,1108888
350,2008-12-16,815,10,136500.0,1133.0,1293,503.0,139429.0,1063858,1383018,1595791
351,2008-12-17,540,12,93000.0,1260.0,1140,393.0,95793.0,1292736,1680559,1939105
352,2008-12-18,850,10,165000.0,1065.0,1372,795.0,168232.0,1055020,1371523,1582527
353,2008-12-19,560,8,144000.0,1170.0,1289,613.0,147072.0,849501,1104352,1274252
354,2008-12-20,685,9,129000.0,908.0,1133,580.0,131621.0,961264,1249644,1441899
355,2008-12-21,590,11,165000.0,1215.0,1305,575.0,168095.0,1124534,1461895,1686801
356,2008-12-22,1265,14,114000.0,1568.0,1460,493.0,117521.0,1423091,1850019,2134636
357,2008-12-23,965,14,111000.0,1508.0,1417,530.0,114455.0,1447198,1881356,2170796
358,2008-12-24,765,14,126000.0,1178.0,1160,500.0,128838.0,1428574,1857142,2142859
359,2008-12-25,950,14,139500.0,2385.0,1470,630.0,143985.0,1424704,1852116,2137056
360,2008-12-26,1245,14,126000.0,1838.0,1441,533.0,129812.0,1426970,1855060,2140457
361,2008-12-27,1020,14,118500.0,1740.0,1327,638.0,122205.0,1417075,1842197,2125610
362,2008-12-28,1190,14,166500.0,1725.0,1199,698.0,170122.0,1422046,1848661,2133070
363,2008-12-29,1045,14,126000.0,1478.0,1467,735.0,129680.0,1408644,1831237,2112966
364,2008-12-30,1020,14,141000.0,1590.0,1435,570.0,144595.0,1418880,1844544,2128319
365,2008-12-31,1400,14,183000.0,1500.0,1296,675.0,186471.0,1423561,1850628,2135341
366,2009-01-01,1000,10,0.0,1890.0,1323,480.0,3693.0,1122613,1459395,1683917
367,2009-01-02,1025,11,0.0,1598.0,1110,653.0,3361.0,1220783,1587017,1831173
368,2009-01-03,1475,12,0.0,1913.0,1155,773.0,3841.0,1350851,1756106,2026277
369,2009-01-04,1575,12,0.0,2093.0,1376,773.0,4242.0,1361849,1770405,2042774
370,2009-01-05,1650,13,51000.0,2205.0,1301,450.0,54956.0,1459777,1897711,2189665
371,2009-01-06,1000,11,148500.0,1710.0,1313,735.0,152258.0,1224323,1591620,1836482
372,2009-01-07,1450,12,160500.0,2025.0,1149,765.0,164439.0,1337750,1739074,2006625
373,2009-01-08,1100,10,169500.0,1440.0,1086,720.0,172746.0,1108036,1440447,1662053
374,2009-01-09,1425,13,162000.0,1958.0,1373,683.0,166014.0,1453087,1889014,2179631
375,2009-01-10,1525,12,201000.0,2318.0,1432,465.0,205215.0,1352017,1757621,2028024
376,2009-01-11,1625,13,180000.0,2318.0,1038,825.0,184181.0,1459699,1897610,2189551
377,2009-01-12,600,9,159000.0,1350.0,1106,720.0,162176.0,999551,1299416,1499326
378,2009-01-13,1650,13,160500.0,2205.0,1274,645.0,164624.0,1462583,1901358,2193876
379,2009-01-14,1250,12,168000.0,2295.0,1377,825.0,172497.0,1343939,1747121,2015907
380,2009-01-15,1800,13,148500.0,2160.0,1401,570.0,152631.0,1437557,1868824,2156334
381,2009-01-16,1125,13,157500.0,2048.0,1253,555.0,161356.0,1448975,1883667,2173464
382,2009-01-17,1150,9,157500.0,1395.0,1399,630.0,160924.0,1002684,1303488,1504024
383,2009-01-18,1550,14,178500.0,2475.0,1025,698.0,182698.0,1577500,2050747,2366247
384,2009-01-19,1800,13,150000.0,2160.0,1193,630.0,153983.0,1477223,1920390,2215833
385,2009-01-20,950,11,142500.0,1935.0,1500,593.0,146528.0,1232262,1601941,1848393
386,2009-01-21,1450,13,160500.0,2475.0,1042,833.0,164850.0,1442323,1875021,2163486
387,2009-01-22,900,10,150000.0,1710.0,1471,630.0,153811.0,1113897,1448066,1670845
388,2009-01-23,950,9,163500.0,1665.0,1496,705.0,167366.0,1000543,1300706,1500816
389,2009-01-24,1200,12,165000.0,1890.0,1255,915.0,169060.0,1331631,1731118,1997445
390,2009-01-25,1575,12,174000.0,2093.0,1487,0.0,177580.0,1341109,1743444,2011664
391,2009-01-26,1100,11,136500.0,1890.0,1198,0.0,139588.0,1224709,1592124,1837063
392,2009-01-27,1225,12,150000.0,1778.0,1343,0.0,153121.0,1349401,1754219,2024100
393,2009-01-28,1125,14,169500.0,2498.0,1150,0.0,173148.0,1547716,2012033,2321577
394,2009-01-29,1200,12,76500.0,1890.0,1171,255.0,79816.0,1324265,1721546,1986398
395,2009-01-30,1250,13,79500.0,2115.0,1252,743.0,83610.0,1450454,1885589,2175680
396,2009-01-31,1350,14,87000.0,2745.0,1177,803.0,91725.0,1546613,2010597,2319920
397,2009-02-05,650,4,139500.0,765.0,1457,795.0,142517.0,444821,578267,667231
398,2009-02-06,1325,14,115500.0,2228.0,1390,803.0,119921.0,1556923,2024000,2335387
399,2009-02-07,1425,14,147000.0,2408.0,1314,840.0,151562.0,1577200,2050356,2365796
400,2009-02-08,1675,14,156000.0,2543.0,1307,743.0,160593.0,1583612,2058696,2375416
401,2009-02-09,1700,14,124500.0,2430.0,1101,788.0,128819.0,1558561,2026129,2337840
402,2009-02-10,1150,14,150000.0,3015.0,1303,788.0,155106.0,1554791,2021227,2332188
403,2009-02-11,1500,14,153000.0,2700.0,1443,893.0,158036.0,1562808,2031649,2344210
404,2009-02-12,1850,14,124500.0,2385.0,1217,750.0,128852.0,1586435,2062368,2379656
405,2009-02-13,1425,14,109500.0,2408.0,1062,713.0,113683.0,1562595,2031374,2343892
406,2009-02-14,2100,14,121500.0,2520.0,1174,803.0,125997.0,1556340,2023244,2334511
407,2009-02-15,2025,14,139500.0,2228.0,1289,750.0,143767.0,1576554,2049520,2364830
408,2009-02-16,1575,14,126000.0,2363.0,1324,818.0,130505.0,1577822,2051169,2366734
409,2009-02-17,1575,14,123000.0,2363.0,1371,825.0,127559.0,1582399,2057118,2373600
410,2009-02-18,1225,14,130500.0,2678.0,1182,870.0,135230.0,1578940,2052622,2368408
411,2009-02-19,1600,14,165000.0,2250.0,1106,683.0,169039.0,1566396,2036316,2349596
412,2009-02-20,1625,14,157500.0,2138.0,1247,750.0,161635.0,1588185,2064639,2382275
413,2009-02-21,1425,14,130500.0,2408.0,1489,848.0,135245.0,1569342,2040144,2354010
414,2009-02-22,1600,14,127500.0,2250.0,1454,383.0,131587.0,1576676,2049677,2365012
415,2009-02-23,1275,14,132000.0,2453.0,1477,398.0,136328.0,1565145,2034683,2347714
416,2009-02-24,2250,14,115500.0,2475.0,1126,435.0,119536.0,1568453,2038990,2352681
417,2009-02-25,1800,14,103500.0,2610.0,1303,480.0,107893.0,1571678,2043184,2357522
418,2009-02-26,1225,14,139500.0,2048.0,1377,690.0,143615.0,1577112,2050246,2365668
419,2009-02-27,1600,14,142500.0,2250.0,1434,675.0,146859.0,1563840,2032990,2345757
420,2009-02-28,1675,14,157500.0,2543.0,1333,743.0,162119.0,1572943,2044823,2359412
421,2009-03-01,725,7,40250.0,1148.0,1251,698.0,43347.0,771023,1002329,1156534
422,2009-03-02,675,8,75000.0,1193.0,1196,578.0,77967.0,879159,1142908,1318742
423,2009-03-03,750,9,66500.0,1305.0,1478,735.0,70018.0,981799,1276337,1472699
424,2009-03-04,900,8,36750.0,1440.0,1046,780.0,40016.0,879052,1142769,1318580
425,2009-03-05,1200,11,43250.0,2070.0,1370,623.0,47313.0,1214947,1579432,1822420
426,2009-03-06,1350,11,47250.0,2025.0,1014,750.0,51039.0,1192901,1550773,1789353
427,2009-03-07,1225,13,35500.0,2228.0,1480,765.0,39973.0,1394495,1812843,2091745
428,2009-03-08,1575,12,78500.0,2093.0,1462,623.0,82678.0,1297933,1687311,1946900
429,2009-03-09,1275,11,45500.0,1733.0,1460,548.0,49241.0,1188576,1545146,1782862
430,2009-03-10,1550,12,22250.0,2205.0,1168,608.0,26231.0,1313844,1707999,1970767
431,2009-03-11,1200,13,45750.0,2340.0,1255,698.0,50043.0,1410563,1833732,2115848
432,2009-03-12,1625,12,62500.0,1868.0,1154,630.0,66152.0,1308849,1701505,1963273
433,2009-03-13,1400,12,59500.0,2250.0,1496,615.0,63861.0,1311744,1705266,1967616
434,2009-03-14,1250,12,38500.0,2295.0,1347,653.0,42795.0,1291895,1679464,1937841
435,2009-03-15,1525,11,32250.0,1868.0,1243,825.0,36186.0,1191659,1549156,1787486
436,2009-03-16,975,12,32000.0,1643.0,1358,788.0,35789.0,1307115,1699249,1960673
437,2009-03-17,1075,12,51750.0,1823.0,1347,653.0,55573.0,1303441,1694473,1955163
438,2009-03-18,1675,13,38500.0,2093.0,1270,638.0,42501.0,1418961,1844648,2128439
439,2009-03-19,1200,12,69250.0,1890.0,1446,660.0,73246.0,1296333,1685234,1944500
440,2009-03-20,1250,11,50000.0,1845.0,1178,578.0,53601.0,1203248,1564225,1804873
441,2009-03-21,1225,11,44500.0,1958.0,1265,518.0,48241.0,1196641,1555636,1794961
442,2009-03-22,1550,14,88000.0,2475.0,1071,698.0,92244.0,1520355,1976463,2280533
443,2009-03-23,1475,13,44500.0,2363.0,1225,713.0,48801.0,1412456,1836190,2118682
444,2009-03-24,1225,11,66250.0,1958.0,1499,788.0,70495.0,1200762,1560990,1801142
445,2009-03-25,1475,12,90750.0,1913.0,1037,201.0,93901.0,1316124,1710961,1974185
446,2009-03-26,1600,12,80500.0,1980.0,1306,375.0,84161.0,1298067,1687486,1947099
447,2009-03-27,1375,12,79500.0,1733.0,1437,333.0,83003.0,1300171,1690222,1950257
448,2009-03-28,1075,10,75000.0,1553.0,1168,184.0,77905.0,1077516,1400771,1616276
449,2009-03-29,1475,11,65500.0,2093.0,1123,216.0,68932.0,1187164,1543315,1780748
450,2009-03-30,1525,13,71750.0,2138.0,1353,236.0,75477.0,1405941,1827722,2108912
451,2009-03-31,1475,13,49500.0,2363.0,1487,178.0,53528.0,1407513,1829768,2111273
452,2009-04-01,410,8,78000.0,604.0,1223,393.0,80220.0,850195,1105256,1275296
453,2009-04-02,1005,12,48250.0,1125.0,1133,228.0,50736.0,1291577,1679048,1937364
454,2009-04-03,805,8,78000.0,998.0,1254,111.0,80363.0,862581,1121355,1293871
455,2009-04-04,585,9,63000.0,551.0,1028,229.0,64808.0,958461,1246000,1437695
456,2009-04-05,440,12,45250.0,649.0,1442,313.0,47654.0,1290415,1677540,1935621
457,2009-04-06,605,8,46750.0,709.0,1021,298.0,48778.0,857788,1115124,1286684
458,2009-04-07,300,8,69500.0,533.0,1077,193.0,71303.0,860500,1118651,1290752
459,2009-04-08,745,9,50000.0,1178.0,1429,161.0,52768.0,964911,1254384,1447366
460,2009-04-09,700,12,31750.0,683.0,1137,160.0,33730.0,1288060,1674477,1932092
461,2009-04-10,455,11,53750.0,334.0,1279,259.0,55622.0,1192888,1550753,1789330
462,2009-04-11,695,11,80500.0,686.0,1241,193.0,82620.0,1175074,1527599,1762614
463,2009-04-12,1090,13,78750.0,938.0,1384,346.0,81418.0,1392752,1810578,2089126
464,2009-04-13,740,12,41250.0,893.0,1086,250.0,43479.0,1285118,1670653,1927676
465,2009-04-14,505,10,65000.0,578.0,1028,223.0,66829.0,1086643,1412634,1629964
466,2009-04-15,640,11,55250.0,484.0,1302,440.0,57476.0,1193860,1552019,1790790
467,2009-04-16,480,10,69500.0,480.0,1484,223.0,71687.0,1086173,1412025,1629262
468,2009-04-17,425,9,48500.0,776.0,1161,331.0,50768.0,974953,1267440,1462431
469,2009-04-18,425,10,38750.0,578.0,1439,454.0,41221.0,1083422,1408448,1625131
470,2009-04-19,680,9,78000.0,1039.0,1139,403.0,80581.0,958712,1246325,1438069
471,2009-04-20,490,11,36750.0,750.0,1379,398.0,39277.0,1177508,1530762,1766264
472,2009-04-21,645,12,64000.0,668.0,1037,375.0,66080.0,1291941,1679522,1937910
473,2009-04-22,1010,14,72000.0,1320.0,1081,328.0,74729.0,1496107,1944939,2244163
474,2009-04-23,615,14,14500.0,668.0,1309,359.0,16836.0,1485975,1931768,2228960
475,2009-04-24,835,14,26250.0,994.0,1495,248.0,28987.0,1486458,1932394,2229684
476,2009-04-25,1135,14,35500.0,1361.0,1390,390.0,38641.0,1493665,1941764,2240499
477,2009-04-26,810,14,38250.0,1208.0,1216,241.0,40915.0,1483187,1928140,2224779
478,2009-04-27,810,14,35750.0,1193.0,1178,390.0,38511.0,1513520,1967576,2270281
479,2009-04-28,630,14,24000.0,1125.0,1495,315.0,26935.0,1473372,1915383,2210058
480,2009-04-29,820,14,50500.0,983.0,1328,226.0,53037.0,1507069,1959188,2260602
481,2009-04-30,755,14,112500.0,1076.0,1428,234.0,115238.0,1489158,1935907,2233742
482,2009-05-01,600,10,35000.0,743.0,1455,348.0,37546.0,1058646,1376241,1587970
483,2009-05-02,825,12,62500.0,1170.0,1462,250.0,65382.0,1264532,1643895,1896800
484,2009-05-03,535,11,43000.0,724.0,1357,159.0,45240.0,1147353,1491559,1721030
485,2009-05-04,830,12,69750.0,1170.0,1043,269.0,72232.0,1260273,1638356,1890410
486,2009-05-05,1005,10,46750.0,945.0,1037,403.0,49135.0,1039409,1351235,1559112
487,2009-05-06,715,12,24250.0,679.0,1044,394.0,26367.0,1269863,1650826,1904797
488,2009-05-07,785,12,68000.0,701.0,1091,206.0,69998.0,1263045,1641958,1894567
489,2009-05-08,660,11,39000.0,1043.0,1191,325.0,41559.0,1155728,1502448,1733595
490,2009-05-09,535,13,51500.0,750.0,1034,276.0,53560.0,1360260,1768338,2040388
491,2009-05-10,365,8,65250.0,476.0,1014,348.0,67088.0,833033,1082942,1249548
492,2009-05-11,545,11,29500.0,806.0,1123,243.0,31672.0,1157036,1504150,1735558
493,2009-05-12,860,12,51500.0,1208.0,1174,194.0,54076.0,1269407,1650229,1904109
494,2009-05-13,685,13,62250.0,1181.0,1460,390.0,65281.0,1377690,1790997,2066536
495,2009-05-14,815,10,59000.0,619.0,1231,184.0,61034.0,1056240,1373113,1584361
496,2009-05-15,930,11,30500.0,975.0,1419,320.0,33214.0,1151922,1497502,1727887
497,2009-05-16,545,9,38750.0,829.0,1138,360.0,41077.0,950393,1235510,1425588
498,2009-05-17,750,11,65000.0,1043.0,1454,73.0,67570.0,1155356,1501962,1733033
499,2009-05-18,470,12,76000.0,728.0,1028,131.0,77887.0,1263027,1641934,1894541
500,2009-05-19,760,11,65750.0,581.0,1269,178.0,67778.0,1160645,1508837,1740967
501,2009-05-20,785,10,25000.0,1170.0,1470,191.0,27831.0,1047551,1361820,1571330
502,2009-05-21,720,9,49000.0,551.0,1453,179.0,51183.0,950949,1236234,1426423
503,2009-05-22,945,11,23500.0,960.0,1342,120.0,25922.0,1156022,1502828,1734030
504,2009-05-23,945,11,15750.0,1080.0,1143,253.0,18226.0,1155392,1502009,1733087
505,2009-05-24,505,8,74750.0,218.0,1279,563.0,76810.0,847601,1101882,1271402
506,2009-05-25,450,10,46250.0,394.0,1265,175.0,48084.0,1047837,1362187,1571754
507,2009-05-26,825,8,76250.0,533.0,1185,313.0,78281.0,841199,1093560,1261797
508,2009-05-27,650,10,59500.0,574.0,1425,215.0,61714.0,1044154,1357401,1566231
509,2009-05-28,845,10,54500.0,536.0,1364,349.0,56749.0,1042549,1355311,1563824
510,2009-05-29,495,12,49000.0,360.0,1409,234.0,51003.0,1257678,1634981,1886516
511,2009-05-30,570,11,50250.0,758.0,1246,121.0,52375.0,1142268,1484949,1713401
512,2009-05-31,965,11,8750.0,1688.0,1188,340.0,11966.0,1159007,1506709,1738512
513,2009-06-01,560,9,9500.0,525.0,1345,195.0,11565.0,948173,1232623,1422258
514,2009-06-02,770,13,6000.0,938.0,1091,258.0,8287.0,1379902,1793872,2069851
515,2009-06-03,585,8,8250.0,645.0,1309,326.0,10530.0,838625,1090213,1257935
516,2009-06-04,810,13,7750.0,1046.0,1095,148.0,10039.0,1349372,1754184,2024058
517,2009-06-05,705,12,9500.0,701.0,1392,258.0,11851.0,1268751,1649376,1903127
518,2009-06-06,565,9,6750.0,364.0,1328,311.0,8753.0,951717,1237234,1427577
519,2009-06-07,680,8,8000.0,1020.0,1489,295.0,10804.0,846882,1100945,1270321
520,2009-06-08,650,11,5750.0,585.0,1147,153.0,7635.0,1148466,1493009,1722697
521,2009-06-09,625,10,6000.0,773.0,1367,194.0,8334.0,1041999,1354599,1563000
522,2009-06-10,505,10,7500.0,979.0,1013,325.0,9817.0,1059566,1377433,1589348
523,2009-06-11,520,10,7250.0,443.0,1215,380.0,9288.0,1052771,1368602,1579155
524,2009-06-12,490,11,9500.0,773.0,1473,329.0,12075.0,1148582,1493158,1722876
525,2009-06-13,695,12,7500.0,934.0,1442,125.0,10001.0,1263113,1642048,1894669
526,2009-06-14,735,12,9000.0,885.0,1024,245.0,11154.0,1265587,1645263,1898379
527,2009-06-15,475,10,6000.0,458.0,1132,118.0,7708.0,1043205,1356167,1564807
528,2009-06-16,790,11,5250.0,581.0,1113,79.0,7023.0,1137615,1478897,1706419
529,2009-06-17,755,11,8250.0,975.0,1193,374.0,10792.0,1170930,1522208,1756394
530,2009-06-18,585,11,10000.0,1140.0,1400,231.0,12771.0,1141864,1484425,1712796
531,2009-06-19,645,13,7000.0,986.0,1278,381.0,9645.0,1370137,1781180,2055207
532,2009-06-20,425,9,9500.0,375.0,1090,298.0,11263.0,941802,1224342,1412704
533,2009-06-21,730,9,7500.0,735.0,1243,273.0,9751.0,939816,1221763,1409725
534,2009-06-22,355,7,6250.0,353.0,1051,245.0,7899.0,737960,959349,1106941
535,2009-06-23,355,8,8750.0,236.0,1248,251.0,10485.0,847045,1101157,1270567
536,2009-06-24,1000,12,8000.0,1121.0,1171,44.0,10336.0,1269741,1650661,1904609
537,2009-06-25,475,11,9250.0,694.0,1449,48.0,11441.0,1148014,1492419,1722020
538,2009-06-26,1060,13,8750.0,1144.0,1433,30.0,11357.0,1363620,1772704,2045427
539,2009-06-27,595,11,7750.0,893.0,1060,41.0,9744.0,1156266,1503146,1734399
540,2009-06-28,700,13,7500.0,818.0,1462,39.0,9819.0,1369491,1780338,2054237
541,2009-06-29,515,8,8250.0,735.0,1037,48.0,10070.0,849298,1104089,1273947
542,2009-06-30,810,10,8750.0,754.0,1055,34.0,10593.0,1054705,1371115,1582057
543,2009-07-01,675,11,6000.0,131.0,1439,40.0,7610.0,982583,1277359,1473877
544,2009-07-02,700,13,8250.0,143.0,1086,29.0,9508.0,1153024,1498930,1729534
545,2009-07-03,500,9,9750.0,90.0,1025,30.0,10895.0,803103,1044036,1204656
546,2009-07-04,625,11,5000.0,124.0,1161,38.0,6323.0,980213,1274273,1470316
547,2009-07-05,575,10,9250.0,116.0,1392,36.0,10794.0,896318,1165213,1344477
548,2009-07-06,750,13,8000.0,143.0,1124,48.0,9315.0,1162742,1511565,1744114
549,2009-07-07,575,10,9500.0,101.0,1483,38.0,11122.0,901169,1171520,1351753
550,2009-07-08,600,11,9000.0,120.0,1333,45.0,10498.0,984788,1280223,1477181
551,2009-07-09,475,8,6750.0,86.0,1314,30.0,8180.0,719979,935973,1079968
552,2009-07-10,500,8,10750.0,90.0,1174,26.0,12040.0,702754,913580,1054132
553,2009-07-11,600,10,7000.0,113.0,1480,41.0,8634.0,882353,1147061,1323532
554,2009-07-12,575,9,8000.0,109.0,1064,50.0,9223.0,809732,1052652,1214599
555,2009-07-13,600,11,9750.0,143.0,1132,35.0,11060.0,983777,1278906,1475660
556,2009-07-14,600,10,9500.0,113.0,1393,48.0,11054.0,906311,1178205,1359467
557,2009-07-15,650,12,6500.0,135.0,1059,38.0,7732.0,1071248,1392623,1606873
558,2009-07-16,500,9,7500.0,90.0,1439,31.0,9060.0,803778,1044913,1205668
559,2009-07-17,425,7,5250.0,79.0,1322,44.0,6695.0,625492,813139,938236
560,2009-07-18,575,10,4750.0,124.0,1213,40.0,6127.0,897665,1166968,1346499
561,2009-07-19,700,13,6750.0,150.0,1115,46.0,8061.0,1157132,1504273,1735699
562,2009-07-20,600,10,6500.0,105.0,1332,44.0,7981.0,892151,1159799,1338227
563,2009-07-21,600,11,5500.0,143.0,1230,39.0,6912.0,983581,1278656,1475372
564,2009-07-22,600,10,11250.0,113.0,1127,38.0,12528.0,905552,1177219,1358328
565,2009-07-23,575,10,6000.0,94.0,1181,41.0,7316.0,898936,1168618,1348405
566,2009-07-24,725,12,6250.0,131.0,1212,44.0,7637.0,1066499,1386450,1599750
567,2009-07-25,550,10,7500.0,120.0,1406,30.0,9056.0,896588,1165567,1344885
568,2009-07-26,675,11,9750.0,139.0,1133,41.0,11063.0,984915,1280388,1477371
569,2009-07-27,575,10,8500.0,131.0,1318,49.0,9998.0,893588,1161663,1340381
570,2009-07-28,625,11,7250.0,116.0,1486,25.0,8877.0,990190,1287247,1485286
571,2009-07-29,600,10,8500.0,113.0,1069,46.0,9728.0,891941,1159524,1337915
572,2009-07-30,625,11,7500.0,124.0,1469,40.0,9133.0,980843,1275094,1471264
573,2009-07-31,525,10,6000.0,131.0,1031,48.0,7210.0,883693,1148801,1325538
574,2009-08-01,500,9,5750.0,90.0,1467,45.0,7352.0,922301,1198994,1383456
575,2009-08-02,675,11,8500.0,124.0,1212,34.0,9870.0,1149504,1494354,1724256
576,2009-08-03,725,13,8750.0,146.0,1330,54.0,10280.0,1354252,1760525,2031377
577,2009-08-04,400,7,6000.0,75.0,1140,35.0,7250.0,740136,962176,1110204
578,2009-08-05,775,13,6750.0,139.0,1132,40.0,8061.0,1341185,1743539,2011777
579,2009-08-06,700,12,8000.0,120.0,1283,49.0,9452.0,1265164,1644715,1897749
580,2009-08-07,750,13,7250.0,143.0,1156,48.0,8597.0,1361576,1770048,2042363
581,2009-08-08,650,11,9000.0,135.0,1452,33.0,10620.0,1155837,1502588,1733754
582,2009-08-09,625,10,6250.0,101.0,1173,38.0,7562.0,1027690,1335999,1541538
583,2009-08-10,725,13,4000.0,161.0,1359,26.0,5546.0,1355954,1762739,2033931
584,2009-08-11,600,11,8250.0,105.0,1365,24.0,9744.0,1136068,1476888,1704100
585,2009-08-12,650,12,7000.0,120.0,1017,34.0,8171.0,1245042,1618554,1867563
586,2009-08-13,725,12,5000.0,146.0,1087,33.0,6266.0,1252309,1628004,1878467
587,2009-08-14,750,12,6750.0,143.0,1183,28.0,8104.0,1240392,1612512,1860590
588,2009-08-15,550,9,6250.0,98.0,1428,56.0,7832.0,926797,1204836,1390194
589,2009-08-16,550,10,5750.0,113.0,1261,30.0,7154.0,1051356,1366764,1577036
590,2009-08-17,425,7,9000.0,79.0,1015,31.0,10125.0,733687,953792,1100530
591,2009-08-18,375,7,8500.0,71.0,1297,38.0,9906.0,731659,951156,1097489
592,2009-08-19,475,9,8000.0,101.0,1477,49.0,9627.0,949982,1234976,1424974
593,2009-08-20,450,8,8500.0,98.0,1290,43.0,9931.0,834086,1084311,1251126
594,2009-08-21,500,8,7750.0,83.0,1033,36.0,8902.0,834300,1084590,1251450
595,2009-08-22,725,13,7000.0,169.0,1349,43.0,8561.0,1372508,1784261,2058763
596,2009-08-23,550,9,9250.0,90.0,1279,38.0,10657.0,938037,1219449,1407055
597,2009-08-24,475,8,7500.0,94.0,1427,30.0,9051.0,843054,1095971,1264582
598,2009-08-25,650,11,7000.0,113.0,1264,29.0,8406.0,1159532,1507393,1739300
599,2009-08-26,725,12,8000.0,146.0,1325,43.0,9514.0,1244758,1618184,1867134
600,2009-08-27,600,11,8750.0,128.0,1331,44.0,10253.0,1136369,1477281,1704554
601,2009-08-28,675,11,5500.0,109.0,1187,30.0,6826.0,1151489,1496938,1727236
602,2009-08-29,600,10,9750.0,128.0,1159,34.0,11071.0,1039959,1351945,1559937
603,2009-08-30,450,9,8750.0,113.0,1475,40.0,10378.0,938926,1220604,1408389
604,2009-08-31,550,9,89500.0,90.0,1092,36.0,90718.0,939534,1221393,1409300
605,2009-09-01,525,9,85000.0,86.0,1387,45.0,86518.0,945091,1228620,1417641
606,2009-09-02,600,10,98000.0,128.0,1272,31.0,99431.0,1051599,1367078,1577398
607,2009-09-03,625,11,111000.0,131.0,1170,20.0,112321.0,1153387,1499403,1730080
608,2009-09-04,500,9,86500.0,90.0,1068,41.0,87699.0,939862,1221820,1409792
609,2009-09-05,625,11,126500.0,101.0,1469,35.0,128105.0,1145772,1489503,1718657
610,2009-09-06,650,11,121000.0,120.0,1295,25.0,122440.0,1146734,1490754,1720103
611,2009-09-07,625,10,105000.0,109.0,1060,34.0,106203.0,1048057,1362475,1572088
612,2009-09-08,750,12,100500.0,135.0,1227,31.0,101893.0,1263808,1642952,1895713
613,2009-09-09,475,9,98500.0,94.0,1186,29.0,99809.0,939540,1221402,1409309
614,2009-09-10,350,6,104000.0,60.0,1282,45.0,105387.0,623963,811152,935945
615,2009-09-11,675,12,58500.0,124.0,1435,43.0,60102.0,1254713,1631126,1882070
616,2009-09-12,500,10,88000.0,105.0,1365,40.0,89510.0,1047379,1361593,1571068
617,2009-09-13,450,7,86500.0,75.0,1112,43.0,87730.0,726295,944184,1089444
618,2009-09-14,475,9,80000.0,101.0,1273,39.0,81413.0,951899,1237467,1427847
619,2009-09-15,475,9,91500.0,94.0,1388,35.0,93017.0,944059,1227276,1416089
620,2009-09-16,425,8,60000.0,86.0,1020,46.0,61152.0,840190,1092247,1260286
621,2009-09-17,700,12,47000.0,135.0,1250,38.0,48423.0,1259810,1637752,1889714
622,2009-09-18,750,12,43000.0,128.0,1217,35.0,44380.0,1245267,1618846,1867900
623,2009-09-19,700,11,62500.0,120.0,1148,40.0,63808.0,1172511,1524265,1758767
624,2009-09-20,750,13,91000.0,128.0,1454,44.0,92626.0,1365422,1775050,2048134
625,2009-09-21,575,10,102500.0,116.0,1201,28.0,103845.0,1048092,1362519,1572137
626,2009-09-22,500,9,98500.0,105.0,1076,49.0,99730.0,945708,1229418,1418560
627,2009-09-23,775,13,62000.0,139.0,1052,44.0,63235.0,1366595,1776576,2049896
628,2009-09-24,600,10,49000.0,113.0,1454,448.0,51015.0,1054971,1371464,1582457
629,2009-09-25,600,9,60500.0,105.0,1336,425.0,62366.0,959092,1246821,1438638
630,2009-09-26,650,11,52000.0,120.0,1438,490.0,54048.0,1155240,1501811,1732858
631,2009-09-27,625,11,60000.0,131.0,1218,555.0,61904.0,1157702,1505014,1736553
632,2009-09-28,500,8,69500.0,83.0,1058,433.0,71074.0,847304,1101495,1270956
633,2009-09-29,575,11,108500.0,146.0,1364,633.0,110643.0,1148787,1493424,1723181
634,2009-09-30,675,12,101500.0,131.0,1171,605.0,103407.0,1258546,1636112,1887818
635,2009-10-01,775,13,91000.0,1343.0,1083,525.0,93951.0,1407765,1830093,2111646
636,2009-10-02,1010,13,96000.0,1275.0,1254,503.0,99032.0,1368943,1779624,2053413
637,2009-10-03,1120,13,112500.0,1470.0,1088,493.0,115551.0,1373153,1785101,2059731
638,2009-10-04,1310,13,81000.0,1665.0,1150,520.0,84335.0,1383827,1798972,2075738
639,2009-10-05,925,13,76500.0,1298.0,1365,293.0,79456.0,1371269,1782648,2056904
640,2009-10-06,1285,13,66500.0,1898.0,1489,440.0,70327.0,1385371,1800983,2078057
641,2009-10-07,1150,13,127500.0,1815.0,1153,433.0,130901.0,1398916,1818590,2098375
642,2009-10-08,910,13,72500.0,1575.0,1169,400.0,75644.0,1392254,1809930,2088384
643,2009-10-09,785,13,79500.0,1508.0,1394,458.0,82860.0,1373438,1785468,2060158
644,2009-10-10,1025,13,83000.0,1478.0,1242,300.0,86020.0,1382374,1797087,2073559
645,2009-10-11,740,13,80500.0,1560.0,1154,235.0,83449.0,1369279,1780062,2053919
646,2009-10-12,565,10,88500.0,878.0,1003,215.0,90596.0,1069229,1389999,1603847
647,2009-10-13,1020,10,107500.0,1320.0,1364,313.0,110497.0,1078722,1402340,1618085
648,2009-10-14,725,9,103000.0,1298.0,1386,455.0,106139.0,971998,1263598,1457996
649,2009-10-15,600,12,110000.0,1200.0,1474,513.0,113187.0,1307397,1699617,1961096
650,2009-10-16,955,11,78000.0,1373.0,1464,493.0,81330.0,1200561,1560731,1800842
651,2009-10-17,580,7,93000.0,900.0,1154,310.0,95364.0,760837,989089,1141255
652,2009-10-18,710,6,116500.0,705.0,1147,245.0,118597.0,645766,839496,968649
653,2009-10-19,590,8,60000.0,645.0,1356,303.0,62304.0,875061,1137580,1312592
654,2009-10-20,945,7,92000.0,938.0,1189,260.0,94387.0,760956,989241,1141433
655,2009-10-21,770,9,75000.0,1365.0,1004,300.0,77669.0,984660,1280058,1476990
656,2009-10-22,965,11,126500.0,1538.0,1115,348.0,129501.0,1188231,1544701,1782348
657,2009-10-23,585,12,82500.0,1478.0,1333,543.0,85854.0,1317706,1713021,1976560
658,2009-10-24,680,7,80500.0,930.0,1431,508.0,83369.0,758843,986493,1138263
659,2009-10-25,650,7,93500.0,735.0,1352,455.0,96042.0,764678,994084,1147018
660,2009-10-26,585,8,104500.0,908.0,1189,480.0,107077.0,857215,1114380,1285825
661,2009-10-27,600,10,101500.0,780.0,1398,563.0,104241.0,1099608,1429492,1649411
662,2009-10-28,300,7,79500.0,900.0,1347,405.0,82152.0,767285,997472,1150929
663,2009-10-29,755,8,87500.0,1043.0,1026,383.0,89952.0,880799,1145040,1321199
664,2009-10-30,945,13,101500.0,1628.0,1336,333.0,104797.0,1416716,1841732,2125072
665,2009-10-31,875,11,90500.0,1523.0,1064,638.0,93725.0,1182199,1536862,1773300
666,2009-11-01,770,11,83000.0,1365.0,1095,363.0,85823.0,1211477,1574920,1817214
667,2009-11-02,560,10,93000.0,1440.0,1305,398.0,96143.0,1100234,1430305,1650354
668,2009-11-03,1065,12,90000.0,1688.0,1150,415.0,93253.0,1319122,1714855,1978679
669,2009-11-04,950,10,58000.0,1215.0,1040,403.0,60658.0,1107434,1439665,1661150
670,2009-11-05,825,10,98500.0,1148.0,1019,443.0,101110.0,1079465,1403304,1619197
671,2009-11-06,825,11,104500.0,998.0,1409,538.0,107445.0,1212478,1576221,1818716
672,2009-11-07,935,12,114500.0,1913.0,1224,515.0,118152.0,1318554,1714116,1977830
673,2009-11-08,865,9,90500.0,1088.0,1415,550.0,93553.0,980852,1275108,1471277
674,2009-11-09,755,10,66500.0,1193.0,1160,390.0,69243.0,1091876,1419438,1637815
675,2009-11-10,710,12,86000.0,1245.0,1166,465.0,88876.0,1319075,1714798,1978614
676,2009-11-11,1025,9,84500.0,1208.0,1389,583.0,87680.0,982388,1277101,1473579
677,2009-11-12,1205,10,65000.0,1328.0,1390,300.0,68018.0,1099864,1429824,1649797
678,2009-11-13,1195,11,135000.0,1613.0,1093,460.0,138166.0,1200925,1561204,1801389
679,2009-11-14,790,12,119500.0,1545.0,1322,375.0,122742.0,1326259,1724136,1989388
680,2009-11-15,860,11,68500.0,1650.0,1133,633.0,71916.0,1202525,1563284,1803787
681,2009-11-16,560,10,82000.0,1170.0,1112,413.0,84695.0,1088890,1415557,1633334
682,2009-11-17,810,13,123000.0,1395.0,1133,403.0,125931.0,1405875,1827639,2108815
683,2009-11-18,1025,13,119000.0,1748.0,1361,468.0,122577.0,1416557,1841523,2124834
684,2009-11-19,500,11,109000.0,900.0,1021,523.0,111444.0,1207824,1570172,1811738
685,2009-11-20,1320,12,125500.0,1380.0,1070,508.0,128458.0,1319605,1715487,1979408
686,2009-11-21,730,11,80500.0,1125.0,1097,398.0,83120.0,1199977,1559969,1799966
687,2009-11-22,1105,12,67000.0,1898.0,1137,438.0,70473.0,1317913,1713287,1976868
688,2009-11-23,705,11,100500.0,1238.0,1238,508.0,103484.0,1208249,1570725,1812373
689,2009-11-24,585,10,105500.0,1208.0,1356,453.0,108517.0,1092198,1419859,1638298
690,2009-11-25,715,11,93000.0,1403.0,1022,415.0,95840.0,1198679,1558283,1798020
691,2009-11-26,985,11,132500.0,1568.0,1474,465.0,136007.0,1202355,1563064,1803535
692,2009-11-27,1135,12,87000.0,1523.0,1482,450.0,90455.0,1312834,1706683,1969251
693,2009-11-28,675,10,55500.0,1193.0,1303,290.0,58286.0,1095419,1424044,1643128
694,2009-11-29,915,10,118000.0,1313.0,1141,493.0,120947.0,1098783,1428420,1648176
695,2009-11-30,875,13,74000.0,1523.0,1169,523.0,77215.0,1421142,1847483,2131712
696,2009-12-01,945,11,0.0,1358.0,1417,573.0,3348.0,1093117,1421053,1639679
697,2009-12-02,790,10,0.0,1245.0,1435,453.0,3133.0,985523,1281181,1478287
698,2009-12-03,710,10,0.0,1395.0,1093,333.0,2821.0,1001592,1302069,1502392
699,2009-12-04,960,13,0.0,1350.0,1072,430.0,2852.0,1298237,1687709,1947359
700,2009-12-05,740,9,0.0,870.0,1421,423.0,2714.0,901734,1172254,1352603
701,2009-12-06,845,10,0.0,1478.0,1006,325.0,2809.0,991709,1289223,1487567
702,2009-12-07,1165,12,0.0,1568.0,1196,675.0,3439.0,1205408,1567031,1808114
703,2009-12-08,1085,12,0.0,1718.0,1141,598.0,3457.0,1190353,1547459,1785533
704,2009-12-09,945,11,0.0,1358.0,1048,343.0,2749.0,1106315,1438210,1659476
705,2009-12-10,725,10,0.0,998.0,1227,410.0,2635.0,999061,1298781,1498595
706,2009-12-11,660,11,0.0,1290.0,1385,615.0,3290.0,1088679,1415284,1633021
707,2009-12-12,985,10,0.0,1268.0,1359,595.0,3222.0,1003948,1305134,1505926
708,2009-12-13,630,10,0.0,975.0,1044,545.0,2564.0,1016933,1322013,1525401
709,2009-12-14,1530,12,0.0,2025.0,1495,628.0,4148.0,1194376,1552689,1791566
710,2009-12-15,1395,12,0.0,1793.0,1375,403.0,3571.0,1198113,1557549,1797173
711,2009-12-16,1005,9,0.0,1028.0,1185,335.0,2548.0,907988,1180384,1361983
712,2009-12-17,700,12,0.0,1230.0,1218,503.0,2951.0,1199122,1558859,1798685
713,2009-12-18,1150,10,0.0,1845.0,1020,528.0,3393.0,1011821,1315368,1517735
714,2009-12-19,1210,12,0.0,1785.0,1171,465.0,3421.0,1190905,1548177,1786360
715,2009-12-20,1030,12,0.0,1635.0,1208,663.0,3506.0,1211240,1574614,1816864
716,2009-12-21,1175,12,0.0,1883.0,1449,435.0,3767.0,1202458,1563196,1803690
717,2009-12-22,1125,10,0.0,1208.0,1284,278.0,2770.0,997647,1296942,1496473
718,2009-12-23,730,9,0.0,1005.0,1151,590.0,2746.0,902261,1172939,1353394
719,2009-12-24,1045,11,0.0,1508.0,1455,370.0,3333.0,1091820,1419367,1637731
720,2009-12-25,915,12,0.0,1583.0,1003,0.0,2586.0,1198648,1558242,1797976
721,2009-12-26,1410,10,0.0,1395.0,1272,0.0,2667.0,996591,1295569,1494890
722,2009-12-27,1065,13,0.0,1988.0,1396,0.0,3384.0,1298889,1688557,1948336
723,2009-12-28,830,11,0.0,1305.0,1104,0.0,2409.0,1100986,1431283,1651483
724,2009-12-29,535,9,0.0,833.0,1482,0.0,2315.0,913403,1187424,1370107
725,2009-12-30,1120,12,0.0,1770.0,1362,0.0,3132.0,1186070,1541893,1779108
726,2009-12-31,620,10,0.0,1110.0,1487,0.0,2597.0,997089,1296216,1495635
